{
  "lang":"en",
  "name":"pipeline",
  "version":"0.0.0",
  "spacy_version":">=3.2.4,<3.3.0",
  "description":"",
  "author":"",
  "email":"",
  "url":"",
  "license":"",
  "spacy_git_version":"b50fe5ec6",
  "vectors":{
    "width":0,
    "vectors":0,
    "keys":0,
    "name":null,
    "mode":"default"
  },
  "labels":{
    "ner":[
      "CERTIFICATE",
      "CHARACTERISTIC",
      "COMPANY",
      "DATE",
      "EDUCATION",
      "EMAIL",
      "INDUSTRY",
      "JOBTITLE",
      "LANGUAGES",
      "LOCATION",
      "NAME",
      "NUMBER",
      "SKILL",
      "TIME",
      "URL"
    ]
  },
  "pipeline":[
    "ner"
  ],
  "components":[
    "ner"
  ],
  "disabled":[

  ],
  "performance":{
    "ents_f":0.9692836489,
    "ents_p":0.9634141933,
    "ents_r":0.9752250604,
    "ents_per_type":{
      "NAME":{
        "p":0.9781021898,
        "r":0.9781021898,
        "f":0.9781021898
      },
      "NUMBER":{
        "p":1.0,
        "r":0.9821428571,
        "f":0.990990991
      },
      "EMAIL":{
        "p":0.9795918367,
        "r":1.0,
        "f":0.9896907216
      },
      "CHARACTERISTIC":{
        "p":0.9659863946,
        "r":0.9726027397,
        "f":0.9692832765
      },
      "EDUCATION":{
        "p":0.9550224888,
        "r":0.906116643,
        "f":0.9299270073
      },
      "SKILL":{
        "p":0.9612527605,
        "r":0.9774420741,
        "f":0.9692798219
      },
      "INDUSTRY":{
        "p":0.9523809524,
        "r":0.987012987,
        "f":0.9693877551
      },
      "COMPANY":{
        "p":0.9795299469,
        "r":0.9773071104,
        "f":0.9784172662
      },
      "LOCATION":{
        "p":0.9691714836,
        "r":0.9814634146,
        "f":0.9752787203
      },
      "JOBTITLE":{
        "p":0.969775475,
        "r":0.970613656,
        "f":0.9701943844
      },
      "DATE":{
        "p":0.9721362229,
        "r":0.9746508019,
        "f":0.9733918884
      },
      "CERTIFICATE":{
        "p":0.8967391304,
        "r":0.9217877095,
        "f":0.9090909091
      },
      "TIME":{
        "p":0.9846153846,
        "r":0.9948186528,
        "f":0.9896907216
      },
      "LANGUAGES":{
        "p":0.9722222222,
        "r":1.0,
        "f":0.985915493
      },
      "URL":{
        "p":1.0,
        "r":1.0,
        "f":1.0
      }
    },
    "ner_loss":5902.0848853372
  }
}