{
  "lang":"en",
  "name":"pipeline",
  "version":"0.0.0",
  "spacy_version":">=3.2.4,<3.3.0",
  "description":"",
  "author":"",
  "email":"",
  "url":"",
  "license":"",
  "spacy_git_version":"b50fe5ec6",
  "vectors":{
    "width":0,
    "vectors":0,
    "keys":0,
    "name":null,
    "mode":"default"
  },
  "labels":{
    "ner":[
      "CERTIFICATE",
      "CHARACTERISTIC",
      "COMPANY",
      "DATE",
      "EDUCATION",
      "EMAIL",
      "INDUSTRY",
      "JOBTITLE",
      "LANGUAGES",
      "LOCATION",
      "NAME",
      "NUMBER",
      "SKILL",
      "TIME",
      "URL"
    ]
  },
  "pipeline":[
    "ner"
  ],
  "components":[
    "ner"
  ],
  "disabled":[

  ],
  "performance":{
    "ents_f":0.965190806,
    "ents_p":0.9715609937,
    "ents_r":0.9589036083,
    "ents_per_type":{
      "NAME":{
        "p":1.0,
        "r":0.9416058394,
        "f":0.969924812
      },
      "NUMBER":{
        "p":0.9910714286,
        "r":0.9910714286,
        "f":0.9910714286
      },
      "EMAIL":{
        "p":1.0,
        "r":1.0,
        "f":1.0
      },
      "CHARACTERISTIC":{
        "p":0.9763033175,
        "r":0.9406392694,
        "f":0.9581395349
      },
      "EDUCATION":{
        "p":0.9210155148,
        "r":0.9288762447,
        "f":0.9249291785
      },
      "SKILL":{
        "p":0.9718499353,
        "r":0.9585077064,
        "f":0.9651327115
      },
      "INDUSTRY":{
        "p":0.9889502762,
        "r":0.9298701299,
        "f":0.9585006693
      },
      "COMPANY":{
        "p":0.9779299848,
        "r":0.9720121029,
        "f":0.9749620637
      },
      "LOCATION":{
        "p":0.9671814672,
        "r":0.9775609756,
        "f":0.9723435226
      },
      "JOBTITLE":{
        "p":0.9787610619,
        "r":0.955920484,
        "f":0.9672059467
      },
      "DATE":{
        "p":0.97541841,
        "r":0.964821521,
        "f":0.9700910273
      },
      "CERTIFICATE":{
        "p":0.9257142857,
        "r":0.905027933,
        "f":0.9152542373
      },
      "TIME":{
        "p":0.9795918367,
        "r":0.9948186528,
        "f":0.9871465296
      },
      "LANGUAGES":{
        "p":0.9857142857,
        "r":0.9857142857,
        "f":0.9857142857
      },
      "URL":{
        "p":1.0,
        "r":1.0,
        "f":1.0
      }
    },
    "ner_loss":4976.994531655
  }
}