{
  "lang":"en",
  "name":"spacy_model",
  "version":"0.0.0",
  "spacy_version":">=3.0.6,<3.1.0",
  "description":"",
  "author":"",
  "email":"",
  "url":"",
  "license":"",
  "spacy_git_version":"df3444421",
  "vectors":{
    "width":0,
    "vectors":0,
    "keys":0,
    "name":null
  },
  "labels":{
    "ner":[
      "CERTIFICATE",
      "CHARACTERISTIC",
      "COMPANY",
      "DATE",
      "EDUCATION",
      "EMAIL",
      "INDUSTRY",
      "JOBTITLE",
      "LANGUAGES",
      "LOCATION",
      "NAME",
      "NUMBER",
      "SKILL",
      "TIME",
      "URL"
    ]
  },
  "pipeline":[
    "ner"
  ],
  "components":[
    "ner"
  ],
  "disabled":[

  ]
}